<?xml version="1.0" encoding="UTF-8"?>
<!--
    Copyright (c) 1997, 2018 Oracle and/or its affiliates. All rights reserved.
    
    This program and the accompanying materials are made available under the
    terms of the Eclipse Public License v. 2.0, which is available at
    http://www.eclipse.org/legal/epl-2.0.

    This Source Code may also be made available under the following Secondary
    Licenses when the conditions for such availability set forth in the
    Eclipse Public License v. 2.0 are satisfied: GNU General Public License,
    version 2 with the GNU Classpath Exception, which is available at
    https://www.gnu.org/software/classpath/license.html.

    SPDX-License-Identifier: EPL-2.0 OR GPL-2.0 WITH Classpath-exception-2.0
-->
<glassfish-web-app>
  <context-root>/Assignment</context-root>
  <class-loader delegate="true"/>
  <property name="keepState" value="true">
    <description>preserves the JSP and session state between redeployments</description>
  </property>
  <property name="defaultErrorPage" value="/error404.jsp"/>
  <jsp-config>
    <property name="keepgenerated" value="true">
      <description>Keep a copy of the generated servlet class' java code.</description>
    </property>
  </jsp-config>
</glassfish-web-app>
